time,exchange,ticker,bid,ask,bidsize,asksize
2019-12-11 15:32:35.852,TrueFX,EUR/USD,1.10942,1.10943,100,100
2019-12-11 15:32:41.855,TrueFX,USD/JPY,108.679,108.681,100,100
2019-12-11 15:32:41.879,TrueFX,GBP/USD,1.31798,1.31805,100,100
2019-12-11 15:32:41.900,TrueFX,EUR/GBP,0.84172,0.84176,100,100
2019-12-11 15:32:38.024,TrueFX,USD/CHF,0.98589,0.98595,100,100
2019-12-11 15:32:41.855,TrueFX,EUR/JPY,120.57,120.576,100,100
2019-12-11 15:32:40.787,TrueFX,EUR/CHF,1.09379,1.09384,100,100
2019-12-11 15:32:41.364,TrueFX,USD/CAD,1.32201,1.32208,100,100
2019-12-11 15:32:28.356,TrueFX,AUD/USD,0.68511,0.68514,100,100
2019-12-11 15:32:41.872,TrueFX,GBP/JPY,143.241,143.249,100,100
2019-12-11 15:32:42.025,IEX,SPY,314.14,314.17,200,100
2019-12-11 15:32:41.730,IEX,QQQ,204.54,204.56,100,100
2019-12-11 15:32:43.136,TrueFX,EUR/USD,1.10941,1.10943,100,100
2019-12-11 15:32:43.134,TrueFX,USD/JPY,108.68,108.684,100,100
2019-12-11 15:32:43.136,TrueFX,USD/CHF,0.9859,0.98595,100,100
2019-12-11 15:32:43.215,TrueFX,EUR/JPY,120.572,120.579,100,100
2019-12-11 15:32:43.263,TrueFX,EUR/CHF,1.09377,1.09381,100,100
2019-12-11 15:32:43.169,TrueFX,GBP/JPY,143.241,143.249,100,100
2019-12-11 15:32:44.143,IEX,SPY,314.16,314.18,100,200
2019-12-11 15:32:44.132,IEX,QQQ,204.54,204.56,100,100
2019-12-11 15:32:44.337,TrueFX,EUR/USD,1.10941,1.10942,100,100
2019-12-11 15:32:44.749,TrueFX,USD/CHF,0.98592,0.98595,100,100
2019-12-11 15:32:45.999,IEX,SPY,314.16,314.18,200,200
2019-12-11 15:32:45.948,IEX,QQQ,204.54,204.58,100,100
2019-12-11 15:32:45.731,TrueFX,EUR/USD,1.10939,1.10942,100,100
2019-12-11 15:32:45.903,TrueFX,USD/CHF,0.9859,0.98595,100,100
2019-12-11 15:32:46.346,TrueFX,EUR/JPY,120.57,120.576,100,100
2019-12-11 15:32:45.638,TrueFX,EUR/CHF,1.09377,1.09383,100,100
2019-12-11 15:32:46.743,TrueFX,AUD/USD,0.6851,0.68514,100,100
2019-12-11 15:32:46.818,TrueFX,GBP/JPY,143.241,143.249,100,100
2019-12-11 15:32:47.137,IEX,SPY,314.16,314.18,200,200
2019-12-11 15:32:47.066,IEX,QQQ,204.54,204.58,100,100
2019-12-11 15:32:49.104,IEX,SPY,314.16,314.18,300,200
2019-12-11 15:32:47.863,IEX,QQQ,204.54,204.58,100,100
2019-12-11 15:32:50.372,TrueFX,EUR/USD,1.10929,1.10932,100,100
2019-12-11 15:32:50.313,TrueFX,USD/JPY,108.682,108.684,100,100
2019-12-11 15:32:50.461,TrueFX,GBP/USD,1.31791,1.31798,100,100
2019-12-11 15:32:50.465,TrueFX,EUR/GBP,0.84167,0.84173,100,100
2019-12-11 15:32:50.363,TrueFX,USD/CHF,0.98597,0.98603,100,100
2019-12-11 15:32:50.479,TrueFX,EUR/JPY,120.561,120.565,100,100
2019-12-11 15:32:50.381,TrueFX,EUR/CHF,1.09375,1.09378,100,100
2019-12-11 15:32:50.316,TrueFX,USD/CAD,1.32207,1.32211,100,100
2019-12-11 15:32:50.462,TrueFX,AUD/USD,0.6851,0.68514,100,100
2019-12-11 15:32:50.564,TrueFX,GBP/JPY,143.234,143.246,100,100
2019-12-11 15:32:51.054,IEX,SPY,314.16,314.2,200,300
2019-12-11 15:32:50.728,IEX,QQQ,204.56,204.58,100,100
2019-12-11 15:32:52.203,TrueFX,EUR/USD,1.10932,1.10934,100,100
2019-12-11 15:32:52.152,TrueFX,GBP/USD,1.31793,1.31799,100,100
2019-12-11 15:32:51.355,TrueFX,USD/CHF,0.98597,0.98605,100,100
2019-12-11 15:32:52.187,TrueFX,EUR/JPY,120.563,120.567,100,100
2019-12-11 15:32:52.204,TrueFX,EUR/CHF,1.09377,1.09383,100,100
2019-12-11 15:32:50.942,TrueFX,USD/CAD,1.32206,1.32211,100,100
2019-12-11 15:32:50.848,TrueFX,AUD/USD,0.68511,0.68514,100,100
2019-12-11 15:32:52.246,TrueFX,GBP/JPY,143.236,143.248,100,100
2019-12-11 15:32:52.617,IEX,SPY,314.16,314.19,200,200
2019-12-11 15:32:52.442,IEX,QQQ,204.56,204.58,100,100
2019-12-11 15:32:53.459,TrueFX,USD/JPY,108.679,108.681,100,100
2019-12-11 15:32:53.657,TrueFX,USD/CHF,0.98599,0.98605,100,100
2019-12-11 15:32:53.453,TrueFX,EUR/JPY,120.56,120.567,100,100
2019-12-11 15:32:53.346,TrueFX,USD/CAD,1.32203,1.32208,100,100
2019-12-11 15:32:53.459,TrueFX,GBP/JPY,143.231,143.243,100,100
2019-12-11 15:32:54.082,IEX,SPY,314.16,314.18,200,200
2019-12-11 15:32:54.126,IEX,QQQ,204.54,204.58,100,100
2019-12-11 15:32:54.965,TrueFX,EUR/USD,1.10929,1.10933,100,100
2019-12-11 15:32:54.145,TrueFX,USD/JPY,108.68,108.684,100,100
2019-12-11 15:32:55.216,TrueFX,GBP/USD,1.31793,1.31801,100,100
2019-12-11 15:32:55.229,TrueFX,EUR/GBP,0.84167,0.84171,100,100
2019-12-11 15:32:54.970,TrueFX,USD/CHF,0.98597,0.98605,100,100
2019-12-11 15:32:54.613,TrueFX,EUR/JPY,120.561,120.567,100,100
2019-12-11 15:32:54.965,TrueFX,EUR/CHF,1.09377,1.09383,100,100
2019-12-11 15:32:54.624,TrueFX,GBP/JPY,143.235,143.247,100,100
2019-12-11 15:32:55.611,IEX,SPY,314.15,314.18,2000,400
2019-12-11 15:32:55.981,IEX,QQQ,204.54,204.58,100,100
2019-12-11 15:32:55.740,TrueFX,USD/JPY,108.68,108.683,100,100
2019-12-11 15:32:57.166,TrueFX,GBP/USD,1.318,1.31808,100,100
2019-12-11 15:32:57.149,TrueFX,EUR/GBP,0.84164,0.84168,100,100
2019-12-11 15:32:56.194,TrueFX,USD/CHF,0.98599,0.98605,100,100
2019-12-11 15:32:56.985,TrueFX,EUR/JPY,120.561,120.565,100,100
2019-12-11 15:32:57.166,TrueFX,GBP/JPY,143.24,143.253,100,100
2019-12-11 15:32:57.223,IEX,SPY,314.17,314.19,100,200
2019-12-11 15:32:57.008,IEX,QQQ,204.56,204.58,100,100
2019-12-11 15:32:58.946,TrueFX,GBP/USD,1.31798,1.31805,100,100
2019-12-11 15:32:58.985,TrueFX,EUR/GBP,0.84164,0.84168,100,100
2019-12-11 15:32:59.037,TrueFX,GBP/JPY,143.241,143.25,100,100
2019-12-11 15:32:59.420,IEX,SPY,314.16,314.19,200,200
2019-12-11 15:32:59.114,IEX,QQQ,204.56,204.58,100,100
2019-12-11 15:33:00.786,TrueFX,EUR/GBP,0.84164,0.8417,100,100
2019-12-11 15:33:00.123,TrueFX,USD/CHF,0.98597,0.98605,100,100
2019-12-11 15:33:00.043,TrueFX,USD/CAD,1.32203,1.32207,100,100
2019-12-11 15:33:01.132,IEX,SPY,314.16,314.18,200,400
2019-12-11 15:33:00.950,IEX,QQQ,204.54,204.57,100,100
2019-12-11 15:33:01.021,TrueFX,EUR/USD,1.10929,1.10932,100,100
2019-12-11 15:33:02.144,TrueFX,GBP/USD,1.31798,1.31804,100,100
2019-12-11 15:33:02.139,TrueFX,EUR/GBP,0.84165,0.8417,100,100
2019-12-11 15:33:01.952,TrueFX,EUR/JPY,120.561,120.565,100,100
2019-12-11 15:33:02.470,TrueFX,GBP/JPY,143.24,143.249,100,100
2019-12-11 15:33:02.883,IEX,SPY,314.14,314.16,200,100
2019-12-11 15:33:02.883,IEX,QQQ,204.52,204.56,100,100
2019-12-11 15:33:04.020,TrueFX,EUR/USD,1.10929,1.10934,100,100
2019-12-11 15:33:03.866,TrueFX,USD/JPY,108.68,108.681,100,100
2019-12-11 15:33:03.867,TrueFX,EUR/JPY,120.56,120.564,100,100
2019-12-11 15:33:03.620,TrueFX,USD/CAD,1.32207,1.32211,100,100
2019-12-11 15:33:02.848,TrueFX,AUD/USD,0.68511,0.68512,100,100
2019-12-11 15:33:02.651,TrueFX,GBP/JPY,143.236,143.248,100,100
2019-12-11 15:33:04.417,IEX,SPY,314.14,314.16,200,100
2019-12-11 15:33:04.234,IEX,QQQ,204.52,204.56,100,100
2019-12-11 15:33:05.266,TrueFX,EUR/USD,1.10932,1.10934,100,100
2019-12-11 15:33:04.805,TrueFX,USD/JPY,108.679,108.681,100,100
2019-12-11 15:33:05.517,TrueFX,GBP/USD,1.3179,1.31794,100,100
2019-12-11 15:33:05.511,TrueFX,EUR/GBP,0.8417,0.84176,100,100
2019-12-11 15:33:05.209,TrueFX,USD/CHF,0.98597,0.98603,100,100
2019-12-11 15:33:05.668,TrueFX,EUR/JPY,120.56,120.565,100,100
2019-12-11 15:33:05.276,TrueFX,EUR/CHF,1.09376,1.09381,100,100
2019-12-11 15:33:05.348,TrueFX,AUD/USD,0.6851,0.68514,100,100
2019-12-11 15:33:05.573,TrueFX,GBP/JPY,143.229,143.237,100,100
2019-12-11 15:33:05.989,IEX,SPY,314.13,314.15,2000,100
2019-12-11 15:33:05.989,IEX,QQQ,204.52,204.54,100,100
2019-12-11 15:33:06.241,TrueFX,EUR/USD,1.10931,1.10933,100,100
2019-12-11 15:33:06.473,TrueFX,GBP/USD,1.3179,1.31797,100,100
2019-12-11 15:33:06.250,TrueFX,EUR/GBP,0.84169,0.84175,100,100
2019-12-11 15:33:06.251,TrueFX,EUR/JPY,120.558,120.564,100,100
2019-12-11 15:33:06.141,TrueFX,AUD/USD,0.6851,0.68512,100,100
2019-12-11 15:33:06.466,TrueFX,GBP/JPY,143.229,143.237,100,100
2019-12-11 15:33:07.651,IEX,SPY,314.13,314.16,100,2200
2019-12-11 15:33:07.867,IEX,QQQ,204.52,204.54,100,100
2019-12-11 15:33:08.816,TrueFX,EUR/USD,1.10928,1.10932,100,100
2019-12-11 15:33:09.111,TrueFX,GBP/USD,1.31787,1.31794,100,100
2019-12-11 15:33:08.419,TrueFX,USD/CHF,0.98599,0.98605,100,100
2019-12-11 15:33:08.816,TrueFX,EUR/JPY,120.557,120.562,100,100
2019-12-11 15:33:08.423,TrueFX,EUR/CHF,1.09376,1.09381,100,100
2019-12-11 15:33:08.613,TrueFX,USD/CAD,1.32206,1.32211,100,100
2019-12-11 15:33:08.012,TrueFX,AUD/USD,0.68508,0.68511,100,100
2019-12-11 15:33:08.989,TrueFX,GBP/JPY,143.225,143.236,100,100
2019-12-11 15:33:09.628,IEX,SPY,314.1,314.13,2200,100
2019-12-11 15:33:09.608,IEX,QQQ,204.5,204.53,100,200
2019-12-11 15:33:10.764,TrueFX,EUR/USD,1.10928,1.1093,100,100
2019-12-11 15:33:09.143,TrueFX,GBP/USD,1.31789,1.31794,100,100
2019-12-11 15:33:10.769,TrueFX,EUR/JPY,120.557,120.561,100,100
2019-12-11 15:33:10.450,TrueFX,USD/CAD,1.32207,1.32212,100,100
2019-12-11 15:33:11.379,IEX,SPY,314.1,314.12,100,200
2019-12-11 15:33:11.141,IEX,QQQ,204.5,204.52,100,100
2019-12-11 15:33:12.043,TrueFX,EUR/USD,1.10929,1.10933,100,100
2019-12-11 15:33:12.042,TrueFX,EUR/JPY,120.557,120.562,100,100
2019-12-11 15:33:12.058,TrueFX,EUR/CHF,1.09377,1.09383,100,100
2019-12-11 15:33:11.890,TrueFX,USD/CAD,1.32204,1.32208,100,100
2019-12-11 15:33:13.060,IEX,SPY,314.1,314.13,2200,2000
2019-12-11 15:33:12.705,IEX,QQQ,204.5,204.52,100,100
2019-12-11 15:33:14.318,TrueFX,USD/CAD,1.32204,1.32208,100,100
2019-12-11 15:33:14.786,IEX,SPY,314.11,314.14,100,200
2019-12-11 15:33:14.787,IEX,QQQ,204.51,204.54,200,100
2019-12-11 15:33:16.011,TrueFX,GBP/USD,1.31789,1.31795,100,100
2019-12-11 15:33:16.011,TrueFX,AUD/USD,0.6851,0.68514,100,100
2019-12-11 15:33:14.681,TrueFX,GBP/JPY,143.227,143.236,100,100
2019-12-11 15:33:16.649,IEX,SPY,314.12,314.14,200,100
2019-12-11 15:33:16.642,IEX,QQQ,204.52,204.56,100,100
2019-12-11 15:33:17.626,TrueFX,GBP/USD,1.3179,1.31798,100,100
2019-12-11 15:33:16.312,TrueFX,USD/CAD,1.32203,1.32207,100,100
2019-12-11 15:33:17.628,TrueFX,GBP/JPY,143.228,143.237,100,100
2019-12-11 15:33:18.224,IEX,SPY,314.12,314.14,200,300
2019-12-11 15:33:18.215,IEX,QQQ,204.53,204.56,100,100
2019-12-11 15:33:19.348,TrueFX,USD/JPY,108.68,108.683,100,100
2019-12-11 15:33:19.344,TrueFX,GBP/USD,1.3179,1.31797,100,100
2019-12-11 15:33:19.112,TrueFX,EUR/GBP,0.84167,0.84175,100,100
2019-12-11 15:33:19.338,TrueFX,EUR/JPY,120.558,120.564,100,100
2019-12-11 15:33:19.348,TrueFX,GBP/JPY,143.229,143.241,100,100
2019-12-11 15:33:19.829,IEX,SPY,314.13,314.16,2000,200
2019-12-11 15:33:19.673,IEX,QQQ,204.54,204.56,100,100
2019-12-11 15:33:20.166,TrueFX,EUR/USD,1.10929,1.10932,100,100
2019-12-11 15:33:20.650,TrueFX,USD/JPY,108.683,108.686,100,100
2019-12-11 15:33:20.651,TrueFX,EUR/JPY,120.561,120.567,100,100
2019-12-11 15:33:21.118,TrueFX,AUD/USD,0.68511,0.68514,100,100
2019-12-11 15:33:20.650,TrueFX,GBP/JPY,143.233,143.244,100,100
2019-12-11 15:33:21.530,IEX,SPY,314.13,314.16,2000,200
2019-12-11 15:33:21.467,IEX,QQQ,204.54,204.56,100,200
2019-12-11 15:33:22.568,TrueFX,EUR/USD,1.10929,1.10933,100,100
2019-12-11 15:33:21.256,TrueFX,USD/JPY,108.683,108.684,100,100
2019-12-11 15:33:22.569,TrueFX,EUR/CHF,1.09379,1.09384,100,100
2019-12-11 15:33:23.119,IEX,SPY,314.14,314.16,500,200
2019-12-11 15:33:22.841,IEX,QQQ,204.54,204.56,200,100
2019-12-11 15:33:24.340,TrueFX,EUR/USD,1.10929,1.10934,100,100
2019-12-11 15:33:23.943,TrueFX,USD/JPY,108.682,108.686,100,100
2019-12-11 15:33:24.350,TrueFX,GBP/USD,1.3179,1.31798,100,100
2019-12-11 15:33:24.342,TrueFX,GBP/JPY,143.231,143.243,100,100
2019-12-11 15:33:24.672,IEX,SPY,314.14,314.16,100,200
2019-12-11 15:33:24.886,IEX,QQQ,204.54,204.56,100,100
2019-12-11 15:33:26.037,TrueFX,EUR/USD,1.10929,1.10933,100,100
2019-12-11 15:33:25.962,TrueFX,USD/JPY,108.683,108.687,100,100
2019-12-11 15:33:26.161,TrueFX,EUR/JPY,120.563,120.567,100,100
2019-12-11 15:33:26.037,TrueFX,EUR/CHF,1.09377,1.09381,100,100
2019-12-11 15:33:25.898,TrueFX,AUD/USD,0.6851,0.68514,100,100
2019-12-11 15:33:25.950,TrueFX,GBP/JPY,143.234,143.246,100,100
2019-12-11 15:33:26.496,IEX,SPY,314.15,314.18,2000,200
2019-12-11 15:33:26.517,IEX,QQQ,204.55,204.58,100,400
2019-12-11 15:33:27.706,TrueFX,EUR/USD,1.10929,1.10933,100,100
2019-12-11 15:33:26.541,TrueFX,USD/CHF,0.98599,0.98608,100,100
2019-12-11 15:33:26.995,TrueFX,EUR/JPY,120.563,120.568,100,100
2019-12-11 15:33:26.994,TrueFX,EUR/CHF,1.09377,1.09383,100,100
2019-12-11 15:33:27.756,TrueFX,GBP/JPY,143.233,143.246,100,100
2019-12-11 15:33:28.315,IEX,SPY,314.16,314.18,200,200
2019-12-11 15:33:28.316,IEX,QQQ,204.55,204.58,200,400
2019-12-11 15:33:29.535,TrueFX,EUR/USD,1.10929,1.10932,100,100
2019-12-11 15:33:29.634,TrueFX,GBP/USD,1.3179,1.31797,100,100
2019-12-11 15:33:29.592,TrueFX,EUR/JPY,120.563,120.567,100,100
2019-12-11 15:33:29.605,TrueFX,EUR/CHF,1.09376,1.09381,100,100
2019-12-11 15:33:28.366,TrueFX,USD/CAD,1.32201,1.32207,100,100
2019-12-11 15:33:29.619,TrueFX,GBP/JPY,143.234,143.244,100,100
2019-12-11 15:33:29.967,IEX,SPY,314.15,314.18,2000,200
2019-12-11 15:33:29.810,IEX,QQQ,204.54,204.58,100,400
2019-12-11 15:33:29.935,TrueFX,EUR/USD,1.10928,1.10932,100,100
2019-12-11 15:33:30.857,TrueFX,GBP/USD,1.3179,1.31797,100,100
2019-12-11 15:33:30.860,TrueFX,USD/CAD,1.322,1.32207,100,100
2019-12-11 15:33:31.600,IEX,SPY,314.15,314.18,2000,200
2019-12-11 15:33:31.641,IEX,QQQ,204.55,204.58,100,100
2019-12-11 15:33:32.018,TrueFX,EUR/USD,1.10926,1.1093,100,100
2019-12-11 15:33:32.077,TrueFX,GBP/USD,1.31787,1.31794,100,100
2019-12-11 15:33:32.523,TrueFX,EUR/GBP,0.84167,0.84173,100,100
2019-12-11 15:33:32.104,TrueFX,USD/CHF,0.98599,0.98607,100,100
2019-12-11 15:33:32.033,TrueFX,EUR/JPY,120.561,120.567,100,100
2019-12-11 15:33:32.117,TrueFX,EUR/CHF,1.09376,1.09381,100,100
2019-12-11 15:33:32.821,TrueFX,AUD/USD,0.68506,0.68511,100,100
2019-12-11 15:33:32.048,TrueFX,GBP/JPY,143.233,143.242,100,100
2019-12-11 15:33:32.728,IEX,SPY,314.14,314.17,200,200
2019-12-11 15:33:33.010,IEX,QQQ,204.54,204.56,100,100
2019-12-11 15:33:33.587,TrueFX,USD/JPY,108.686,108.689,100,100
2019-12-11 15:33:34.444,TrueFX,AUD/USD,0.68511,0.68516,100,100
2019-12-11 15:33:33.071,TrueFX,GBP/JPY,143.235,143.244,100,100
2019-12-11 15:33:34.404,IEX,SPY,314.15,314.18,2000,200
2019-12-11 15:33:34.653,IEX,QQQ,204.55,204.58,100,100
2019-12-11 15:33:35.455,TrueFX,AUD/USD,0.6851,0.68514,100,100
2019-12-11 15:33:36.563,IEX,SPY,314.15,314.17,2000,100
2019-12-11 15:33:36.366,IEX,QQQ,204.54,204.56,100,200
2019-12-11 15:33:36.391,TrueFX,USD/JPY,108.685,108.687,100,100
2019-12-11 15:33:36.231,TrueFX,GBP/USD,1.31789,1.31794,100,100
2019-12-11 15:33:36.467,TrueFX,USD/CAD,1.3219,1.32195,100,100
2019-12-11 15:33:37.840,IEX,SPY,314.14,314.16,100,300
2019-12-11 15:33:37.794,IEX,QQQ,204.52,204.56,100,100
2019-12-11 15:33:38.557,TrueFX,GBP/USD,1.31789,1.31794,100,100
2019-12-11 15:33:38.557,TrueFX,EUR/GBP,0.84167,0.84173,100,100
2019-12-11 15:33:39.201,TrueFX,USD/CAD,1.32197,1.32202,100,100
2019-12-11 15:33:38.344,TrueFX,GBP/JPY,143.233,143.242,100,100
2019-12-11 15:33:39.751,IEX,SPY,314.14,314.18,200,2200
2019-12-11 15:33:39.764,IEX,QQQ,204.54,204.56,200,100
2019-12-11 15:33:40.250,TrueFX,EUR/USD,1.10929,1.10933,100,100
2019-12-11 15:33:40.183,TrueFX,GBP/USD,1.31789,1.31795,100,100
2019-12-11 15:33:40.197,TrueFX,EUR/GBP,0.84167,0.84175,100,100
2019-12-11 15:33:40.307,TrueFX,EUR/JPY,120.563,120.57,100,100
2019-12-11 15:33:40.296,TrueFX,EUR/CHF,1.09377,1.09383,100,100
2019-12-11 15:33:41.113,TrueFX,USD/CAD,1.32197,1.32202,100,100
2019-12-11 15:33:40.251,TrueFX,GBP/JPY,143.234,143.246,100,100
2019-12-11 15:33:41.605,IEX,SPY,314.14,314.16,200,200
2019-12-11 15:33:41.603,IEX,QQQ,204.52,204.56,100,100
2019-12-11 15:33:42.080,TrueFX,GBP/USD,1.3179,1.31797,100,100
2019-12-11 15:33:41.693,TrueFX,EUR/GBP,0.84169,0.84175,100,100
2019-12-11 15:33:41.238,TrueFX,USD/CHF,0.98597,0.98607,100,100
2019-12-11 15:33:41.999,TrueFX,EUR/CHF,1.09377,1.09383,100,100
2019-12-11 15:33:41.615,TrueFX,USD/CAD,1.32197,1.32204,100,100
2019-12-11 15:33:42.912,IEX,SPY,314.14,314.18,200,2200
2019-12-11 15:33:42.738,IEX,QQQ,204.54,204.56,100,100
2019-12-11 15:33:43.454,TrueFX,USD/CAD,1.32197,1.32202,100,100
2019-12-11 15:33:46.022,TrueFX,EUR/USD,1.10929,1.10932,100,100
2019-12-11 15:33:44.584,TrueFX,EUR/JPY,120.564,120.57,100,100
2019-12-11 15:33:45.448,TrueFX,GBP/JPY,143.235,143.246,100,100
2019-12-11 15:33:46.524,IEX,SPY,314.15,314.17,2000,100
2019-12-11 15:33:46.524,IEX,QQQ,204.54,204.56,200,100
2019-12-11 15:33:46.847,TrueFX,EUR/JPY,120.564,120.57,100,100
2019-12-11 15:33:46.892,TrueFX,AUD/USD,0.6851,0.68516,100,100
2019-12-11 15:33:47.838,IEX,SPY,314.14,314.18,200,2200
2019-12-11 15:33:47.151,IEX,QQQ,204.54,204.56,100,100
2019-12-11 15:33:48.702,TrueFX,USD/CHF,0.98599,0.98607,100,100
2019-12-11 15:33:49.779,IEX,SPY,314.14,314.16,200,100
2019-12-11 15:33:49.138,IEX,QQQ,204.54,204.56,100,100
2019-12-11 15:33:50.143,TrueFX,USD/JPY,108.683,108.687,100,100
2019-12-11 15:33:50.524,TrueFX,AUD/USD,0.6851,0.68516,100,100
2019-12-11 15:33:50.031,TrueFX,GBP/JPY,143.234,143.246,100,100
2019-12-11 15:33:51.982,IEX,SPY,314.14,314.16,200,100
2019-12-11 15:33:51.870,IEX,QQQ,204.54,204.56,100,100
2019-12-11 15:33:51.622,TrueFX,USD/CHF,0.98597,0.98607,100,100
2019-12-11 15:33:51.478,TrueFX,USD/CAD,1.32197,1.32204,100,100
2019-12-11 15:33:52.068,TrueFX,AUD/USD,0.6851,0.68514,100,100
2019-12-11 15:33:53.463,IEX,SPY,314.14,314.16,200,200
2019-12-11 15:33:52.230,IEX,QQQ,204.52,204.56,100,100
2019-12-11 15:33:55.235,IEX,SPY,314.14,314.16,200,400
2019-12-11 15:33:55.237,IEX,QQQ,204.52,204.55,100,200
2019-12-11 15:33:55.886,TrueFX,AUD/USD,0.6851,0.68514,100,100
2019-12-11 15:33:56.692,IEX,SPY,314.14,314.16,1300,200
2019-12-11 15:33:56.442,IEX,QQQ,204.52,204.56,100,100
2019-12-11 15:33:57.776,TrueFX,GBP/USD,1.31789,1.31798,100,100
2019-12-11 15:33:57.796,TrueFX,USD/CHF,0.98597,0.98605,100,100
2019-12-11 15:33:57.770,TrueFX,EUR/JPY,120.563,120.57,100,100
2019-12-11 15:33:57.244,TrueFX,USD/CAD,1.322,1.32207,100,100
2019-12-11 15:33:57.663,TrueFX,AUD/USD,0.68515,0.68519,100,100
2019-12-11 15:33:58.453,IEX,SPY,314.14,314.16,800,200
2019-12-11 15:33:58.419,IEX,QQQ,204.52,204.56,100,100
2019-12-11 15:33:58.292,TrueFX,EUR/USD,1.10932,1.10933,100,100
2019-12-11 15:33:58.782,TrueFX,USD/JPY,108.68,108.684,100,100
2019-12-11 15:33:58.316,TrueFX,GBP/USD,1.3179,1.31798,100,100
2019-12-11 15:33:58.368,TrueFX,EUR/GBP,0.8417,0.84176,100,100
2019-12-11 15:33:58.499,TrueFX,USD/CHF,0.98595,0.98603,100,100
2019-12-11 15:33:58.779,TrueFX,EUR/JPY,120.563,120.565,100,100
2019-12-11 15:33:58.301,TrueFX,EUR/CHF,1.09377,1.09381,100,100
2019-12-11 15:33:58.609,TrueFX,GBP/JPY,143.23,143.242,100,100
2019-12-11 15:33:59.951,IEX,SPY,314.14,314.18,1300,2400
2019-12-11 15:33:59.934,IEX,QQQ,204.54,204.56,100,100
2019-12-11 15:34:00.299,TrueFX,EUR/USD,1.10928,1.1093,100,100
2019-12-11 15:34:00.273,TrueFX,USD/JPY,108.682,108.684,100,100
2019-12-11 15:34:00.428,TrueFX,GBP/USD,1.31789,1.31794,100,100
2019-12-11 15:34:00.299,TrueFX,EUR/GBP,0.84169,0.84175,100,100
2019-12-11 15:34:01.147,TrueFX,USD/CHF,0.98597,0.98605,100,100
2019-12-11 15:34:00.355,TrueFX,EUR/JPY,120.558,120.564,100,100
2019-12-11 15:34:00.329,TrueFX,EUR/CHF,1.09376,1.09381,100,100
2019-12-11 15:34:00.272,TrueFX,GBP/JPY,143.229,143.24,100,100
2019-12-11 15:34:01.105,IEX,SPY,314.14,314.16,200,200
2019-12-11 15:34:01.486,IEX,QQQ,204.54,204.58,100,100
2019-12-11 15:34:02.732,TrueFX,EUR/USD,1.10931,1.10933,100,100
2019-12-11 15:34:01.974,TrueFX,EUR/GBP,0.8417,0.84175,100,100
2019-12-11 15:34:02.371,TrueFX,EUR/JPY,120.561,120.567,100,100
2019-12-11 15:34:02.367,TrueFX,EUR/CHF,1.09377,1.09383,100,100
2019-12-11 15:34:02.832,TrueFX,USD/CAD,1.32201,1.32207,100,100
2019-12-11 15:34:01.838,TrueFX,AUD/USD,0.68513,0.68519,100,100
2019-12-11 15:34:01.556,TrueFX,GBP/JPY,143.23,143.24,100,100
2019-12-11 15:34:02.971,IEX,SPY,314.14,314.16,200,400
2019-12-11 15:34:03.161,IEX,QQQ,204.54,204.58,100,100
2019-12-11 15:34:03.060,TrueFX,USD/JPY,108.68,108.684,100,100
2019-12-11 15:34:04.401,TrueFX,EUR/CHF,1.09379,1.09384,100,100
2019-12-11 15:34:03.734,TrueFX,USD/CAD,1.32201,1.32207,100,100
2019-12-11 15:34:03.058,TrueFX,GBP/JPY,143.229,143.24,100,100
2019-12-11 15:34:04.838,IEX,SPY,314.14,314.16,200,400
2019-12-11 15:34:04.819,IEX,QQQ,204.54,204.58,100,100
2019-12-11 15:34:05.506,TrueFX,USD/CAD,1.322,1.32207,100,100
2019-12-11 15:34:05.945,TrueFX,AUD/USD,0.68515,0.68519,100,100
2019-12-11 15:34:05.817,IEX,SPY,314.14,314.16,200,400
2019-12-11 15:34:06.527,IEX,QQQ,204.54,204.58,100,100
2019-12-11 15:34:07.806,TrueFX,GBP/USD,1.31789,1.31795,100,100
2019-12-11 15:34:07.573,TrueFX,EUR/JPY,120.561,120.565,100,100
2019-12-11 15:34:07.613,TrueFX,AUD/USD,0.6851,0.68514,100,100
2019-12-11 15:34:08.316,IEX,SPY,314.14,314.16,500,400
2019-12-11 15:34:08.221,IEX,QQQ,204.54,204.57,100,100
2019-12-11 15:34:08.422,TrueFX,EUR/USD,1.10932,1.10934,100,100
2019-12-11 15:34:08.036,TrueFX,EUR/GBP,0.8417,0.84176,100,100
2019-12-11 15:34:09.024,TrueFX,USD/CHF,0.98597,0.98603,100,100
2019-12-11 15:34:08.423,TrueFX,EUR/JPY,120.563,120.567,100,100
2019-12-11 15:34:09.160,TrueFX,EUR/CHF,1.09377,1.09383,100,100
2019-12-11 15:34:09.741,IEX,SPY,314.13,314.16,2000,400
2019-12-11 15:34:09.584,IEX,QQQ,204.54,204.56,100,100
2019-12-11 15:34:11.136,TrueFX,AUD/USD,0.6851,0.68516,100,100
2019-12-11 15:34:11.235,IEX,SPY,314.13,314.16,2000,400
2019-12-11 15:34:11.273,IEX,QQQ,204.54,204.56,100,100
2019-12-11 15:34:13.355,IEX,SPY,314.14,314.16,1200,300
2019-12-11 15:34:13.355,IEX,QQQ,204.56,204.58,100,100
2019-12-11 15:34:13.279,TrueFX,EUR/USD,1.10935,1.10936,100,100
2019-12-11 15:34:13.654,TrueFX,EUR/GBP,0.84174,0.84178,100,100
2019-12-11 15:34:13.292,TrueFX,EUR/JPY,120.566,120.57,100,100
2019-12-11 15:34:13.346,TrueFX,EUR/CHF,1.09379,1.09385,100,100
2019-12-11 15:34:13.264,TrueFX,AUD/USD,0.6851,0.68514,100,100
2019-12-11 15:34:13.346,TrueFX,GBP/JPY,143.229,143.242,100,100
2019-12-11 15:34:14.008,IEX,SPY,314.14,314.16,1200,400
2019-12-11 15:34:13.781,IEX,QQQ,204.56,204.58,100,100
2019-12-11 15:34:15.028,TrueFX,USD/JPY,108.68,108.681,100,100
2019-12-11 15:34:15.074,TrueFX,EUR/JPY,120.564,120.567,100,100
2019-12-11 15:34:15.798,TrueFX,EUR/CHF,1.09379,1.09385,100,100
2019-12-11 15:34:15.409,TrueFX,USD/CAD,1.322,1.32208,100,100
2019-12-11 15:34:15.146,TrueFX,AUD/USD,0.68511,0.68516,100,100
2019-12-11 15:34:15.098,TrueFX,GBP/JPY,143.228,143.237,100,100
2019-12-11 15:34:16.457,IEX,SPY,314.13,314.15,2000,200
2019-12-11 15:34:16.427,IEX,QQQ,204.54,204.56,100,100
2019-12-11 15:34:17.506,TrueFX,EUR/USD,1.10933,1.10936,100,100
2019-12-11 15:34:17.504,TrueFX,USD/JPY,108.68,108.684,100,100
2019-12-11 15:34:17.506,TrueFX,EUR/GBP,0.84172,0.84178,100,100
2019-12-11 15:34:17.526,TrueFX,USD/CHF,0.98599,0.98603,100,100
2019-12-11 15:34:17.490,TrueFX,EUR/JPY,120.564,120.567,100,100
2019-12-11 15:34:17.535,TrueFX,EUR/CHF,1.09379,1.09387,100,100
2019-12-11 15:34:17.512,TrueFX,GBP/JPY,143.229,143.238,100,100
2019-12-11 15:34:18.100,IEX,SPY,314.14,314.15,1100,100
2019-12-11 15:34:18.015,IEX,QQQ,204.55,204.58,100,100
2019-12-11 15:34:18.072,TrueFX,USD/JPY,108.682,108.684,100,100
2019-12-11 15:34:18.060,TrueFX,EUR/JPY,120.566,120.57,100,100
2019-12-11 15:34:19.087,TrueFX,GBP/JPY,143.231,143.242,100,100
2019-12-11 15:34:19.654,IEX,SPY,314.14,314.16,200,200
2019-12-11 15:34:18.464,IEX,QQQ,204.56,204.58,100,100
2019-12-11 15:34:20.477,TrueFX,EUR/USD,1.10933,1.10937,100,100
2019-12-11 15:34:20.472,TrueFX,EUR/JPY,120.566,120.573,100,100
2019-12-11 15:34:19.820,TrueFX,EUR/CHF,1.0938,1.09387,100,100
2019-12-11 15:34:19.763,TrueFX,USD/CAD,1.32201,1.32208,100,100
2019-12-11 15:34:20.861,IEX,SPY,314.14,314.16,200,100
2019-12-11 15:34:22.297,TrueFX,EUR/JPY,120.566,120.571,100,100
2019-12-11 15:34:22.296,TrueFX,GBP/JPY,143.231,143.241,100,100
2019-12-11 15:34:22.776,IEX,SPY,314.14,314.16,100,300
2019-12-11 15:34:22.775,IEX,QQQ,204.54,204.56,100,100
2019-12-11 15:34:24.022,TrueFX,EUR/USD,1.10933,1.10937,100,100
2019-12-11 15:34:22.737,TrueFX,USD/JPY,108.68,108.684,100,100
2019-12-11 15:34:22.733,TrueFX,GBP/USD,1.3179,1.31798,100,100
2019-12-11 15:34:24.595,IEX,SPY,314.14,314.16,100,400
2019-12-11 15:34:23.529,IEX,QQQ,204.54,204.58,100,100
2019-12-11 15:34:25.489,TrueFX,USD/JPY,108.68,108.683,100,100
2019-12-11 15:34:25.272,TrueFX,USD/CHF,0.98597,0.98603,100,100
2019-12-11 15:34:25.501,TrueFX,EUR/JPY,120.566,120.57,100,100
2019-12-11 15:34:25.523,TrueFX,EUR/CHF,1.09379,1.09387,100,100
2019-12-11 15:34:25.497,TrueFX,GBP/JPY,143.229,143.24,100,100
2019-12-11 15:34:26.616,IEX,SPY,314.13,314.16,2000,400
2019-12-11 15:34:26.570,IEX,QQQ,204.54,204.56,100,100
2019-12-11 15:34:27.404,TrueFX,GBP/JPY,143.229,143.24,100,100
2019-12-11 15:34:28.263,IEX,SPY,314.14,314.16,1200,300
2019-12-11 15:34:27.612,IEX,QQQ,204.54,204.58,100,100
2019-12-11 15:34:28.834,TrueFX,USD/JPY,108.68,108.684,100,100
2019-12-11 15:34:29.383,TrueFX,USD/CHF,0.98599,0.98603,100,100
2019-12-11 15:34:28.542,TrueFX,GBP/JPY,143.23,143.241,100,100
2019-12-11 15:34:29.482,IEX,SPY,314.14,314.16,1200,300
2019-12-11 15:34:29.514,IEX,QQQ,204.54,204.58,100,100
2019-12-11 15:34:31.025,TrueFX,EUR/USD,1.10932,1.10933,100,100
2019-12-11 15:34:30.451,TrueFX,GBP/USD,1.31789,1.31797,100,100
2019-12-11 15:34:30.387,TrueFX,EUR/GBP,0.8417,0.84176,100,100
2019-12-11 15:34:30.426,TrueFX,USD/CHF,0.98599,0.98605,100,100
2019-12-11 15:34:31.024,TrueFX,EUR/JPY,120.563,120.565,100,100
2019-12-11 15:34:30.425,TrueFX,EUR/CHF,1.09379,1.09384,100,100
2019-12-11 15:34:30.431,TrueFX,AUD/USD,0.6851,0.68516,100,100
2019-12-11 15:34:30.452,TrueFX,GBP/JPY,143.229,143.241,100,100
2019-12-11 15:34:31.585,IEX,SPY,314.13,314.15,2000,100
2019-12-11 15:34:31.585,IEX,QQQ,204.52,204.56,100,100
2019-12-11 15:34:32.713,TrueFX,EUR/USD,1.10929,1.10932,100,100
2019-12-11 15:34:31.571,TrueFX,USD/JPY,108.682,108.684,100,100
2019-12-11 15:34:31.793,TrueFX,GBP/USD,1.31789,1.31794,100,100
2019-12-11 15:34:31.824,TrueFX,EUR/GBP,0.8417,0.84175,100,100
2019-12-11 15:34:31.848,TrueFX,USD/CHF,0.98599,0.98605,100,100
2019-12-11 15:34:32.713,TrueFX,EUR/JPY,120.561,120.565,100,100
2019-12-11 15:34:32.484,TrueFX,EUR/CHF,1.09377,1.09383,100,100
2019-12-11 15:34:31.973,TrueFX,USD/CAD,1.32207,1.32215,100,100
2019-12-11 15:34:32.645,TrueFX,AUD/USD,0.6851,0.68514,100,100
2019-12-11 15:34:32.629,TrueFX,GBP/JPY,143.23,143.241,100,100
2019-12-11 15:34:33.129,IEX,SPY,314.12,314.14,200,100
2019-12-11 15:34:32.988,IEX,QQQ,204.52,204.55,100,100
2019-12-11 15:34:33.927,TrueFX,EUR/USD,1.10928,1.10932,100,100
2019-12-11 15:34:33.905,TrueFX,GBP/USD,1.31784,1.31791,100,100
2019-12-11 15:34:33.679,TrueFX,EUR/GBP,0.84172,0.84176,100,100
2019-12-11 15:34:33.905,TrueFX,USD/CHF,0.98601,0.98605,100,100
2019-12-11 15:34:33.890,TrueFX,EUR/JPY,120.561,120.564,100,100
2019-12-11 15:34:34.280,TrueFX,EUR/CHF,1.09376,1.09381,100,100
2019-12-11 15:34:34.153,TrueFX,USD/CAD,1.32206,1.32211,100,100
2019-12-11 15:34:33.895,TrueFX,GBP/JPY,143.229,143.236,100,100
2019-12-11 15:34:34.609,IEX,SPY,314.12,314.14,100,200
2019-12-11 15:34:34.610,IEX,QQQ,204.52,204.55,100,200
2019-12-11 15:34:35.070,TrueFX,USD/CHF,0.98601,0.98605,100,100
2019-12-11 15:34:34.758,TrueFX,EUR/JPY,120.56,120.564,100,100
2019-12-11 15:34:34.906,TrueFX,USD/CAD,1.32207,1.32211,100,100
2019-12-11 15:34:36.314,IEX,SPY,314.12,314.14,200,100
2019-12-11 15:34:36.297,IEX,QQQ,204.52,204.54,100,300
2019-12-11 15:34:37.597,TrueFX,EUR/USD,1.10926,1.1093,100,100
2019-12-11 15:34:36.795,TrueFX,USD/JPY,108.682,108.686,100,100
2019-12-11 15:34:37.521,TrueFX,GBP/USD,1.31774,1.31781,100,100
2019-12-11 15:34:37.413,TrueFX,EUR/GBP,0.84175,0.84181,100,100
2019-12-11 15:34:37.701,TrueFX,USD/CHF,0.98599,0.98605,100,100
2019-12-11 15:34:37.679,TrueFX,EUR/JPY,120.558,120.564,100,100
2019-12-11 15:34:36.883,TrueFX,USD/CAD,1.32206,1.32211,100,100
2019-12-11 15:34:37.863,TrueFX,GBP/JPY,143.217,143.225,100,100
2019-12-11 15:34:38.360,IEX,SPY,314.13,314.16,100,2300
2019-12-11 15:34:38.274,IEX,QQQ,204.52,204.56,100,100
2019-12-11 15:34:39.490,TrueFX,USD/JPY,108.68,108.684,100,100
2019-12-11 15:34:38.854,TrueFX,USD/CHF,0.98601,0.98605,100,100
2019-12-11 15:34:39.614,TrueFX,EUR/JPY,120.557,120.562,100,100
2019-12-11 15:34:39.474,TrueFX,USD/CAD,1.32207,1.32212,100,100
2019-12-11 15:34:39.503,TrueFX,GBP/JPY,143.215,143.223,100,100
2019-12-11 15:34:40.079,IEX,SPY,314.1,314.13,2200,100
2019-12-11 15:34:39.436,IEX,QQQ,204.52,204.54,100,200
2019-12-11 15:34:40.698,TrueFX,EUR/USD,1.10925,1.10929,100,100
2019-12-11 15:34:39.903,TrueFX,USD/JPY,108.68,108.683,100,100
2019-12-11 15:34:41.154,TrueFX,GBP/USD,1.31773,1.3178,100,100
2019-12-11 15:34:41.161,TrueFX,EUR/GBP,0.84177,0.84181,100,100
2019-12-11 15:34:41.069,TrueFX,EUR/JPY,120.555,120.559,100,100
2019-12-11 15:34:40.454,TrueFX,USD/CAD,1.32206,1.32211,100,100
2019-12-11 15:34:39.682,TrueFX,GBP/JPY,143.212,143.223,100,100
2019-12-11 15:34:41.473,IEX,SPY,314.1,314.14,2200,200
2019-12-11 15:34:41.504,IEX,QQQ,204.52,204.54,100,100
2019-12-11 15:34:43.026,TrueFX,EUR/USD,1.10922,1.10923,100,100
2019-12-11 15:34:43.116,TrueFX,USD/JPY,108.683,108.687,100,100
2019-12-11 15:34:43.116,TrueFX,GBP/USD,1.31769,1.31774,100,100
2019-12-11 15:34:43.058,TrueFX,EUR/GBP,0.84175,0.8418,100,100
2019-12-11 15:34:43.149,TrueFX,USD/CHF,0.98607,0.98612,100,100
2019-12-11 15:34:43.059,TrueFX,EUR/JPY,120.554,120.559,100,100
2019-12-11 15:34:43.025,TrueFX,EUR/CHF,1.09376,1.09381,100,100
2019-12-11 15:34:43.026,TrueFX,USD/CAD,1.32207,1.32212,100,100
2019-12-11 15:34:43.222,TrueFX,AUD/USD,0.68505,0.68509,100,100
2019-12-11 15:34:43.115,TrueFX,GBP/JPY,143.213,143.223,100,100
2019-12-11 15:34:43.658,IEX,SPY,314.1,314.14,2200,200
2019-12-11 15:34:42.471,IEX,QQQ,204.52,204.54,100,100
2019-12-11 15:34:44.193,TrueFX,EUR/USD,1.10922,1.10925,100,100
2019-12-11 15:34:44.685,TrueFX,GBP/USD,1.3176,1.31767,100,100
2019-12-11 15:34:44.868,TrueFX,EUR/GBP,0.84182,0.84185,100,100
2019-12-11 15:34:44.914,TrueFX,USD/CHF,0.98606,0.98612,100,100
2019-12-11 15:34:44.227,TrueFX,EUR/JPY,120.555,120.559,100,100
2019-12-11 15:34:44.998,TrueFX,EUR/CHF,1.09377,1.09383,100,100
2019-12-11 15:34:44.463,TrueFX,AUD/USD,0.68506,0.68509,100,100
2019-12-11 15:34:44.843,TrueFX,GBP/JPY,143.204,143.213,100,100
2019-12-11 15:34:45.371,IEX,SPY,314.12,314.14,200,200
2019-12-11 15:34:45.371,IEX,QQQ,204.52,204.56,100,100
2019-12-11 15:34:46.266,TrueFX,USD/CHF,0.98607,0.98612,100,100
2019-12-11 15:34:46.274,TrueFX,AUD/USD,0.68506,0.68509,100,100
2019-12-11 15:34:47.034,IEX,SPY,314.1,314.13,2200,100
2019-12-11 15:34:47.021,IEX,QQQ,204.52,204.54,100,100
2019-12-11 15:34:46.996,TrueFX,EUR/USD,1.10922,1.10926,100,100
2019-12-11 15:34:47.428,TrueFX,GBP/USD,1.3176,1.31765,100,100
2019-12-11 15:34:46.913,TrueFX,EUR/GBP,0.84182,0.84188,100,100
2019-12-11 15:34:46.992,TrueFX,EUR/JPY,120.555,120.561,100,100
2019-12-11 15:34:46.936,TrueFX,EUR/CHF,1.09379,1.09384,100,100
2019-12-11 15:34:47.295,TrueFX,AUD/USD,0.68506,0.68509,100,100
2019-12-11 15:34:48.107,IEX,SPY,314.1,314.14,2200,200
2019-12-11 15:34:48.436,IEX,QQQ,204.52,204.56,100,100
2019-12-11 15:34:49.941,TrueFX,EUR/USD,1.10922,1.10923,100,100
2019-12-11 15:34:51.172,TrueFX,USD/CHF,0.98609,0.98612,100,100
2019-12-11 15:34:49.716,TrueFX,EUR/CHF,1.09377,1.09383,100,100
2019-12-11 15:34:51.243,IEX,SPY,314.1,314.14,2200,200
2019-12-11 15:34:51.272,IEX,QQQ,204.52,204.56,100,100
2019-12-11 15:34:52.304,TrueFX,GBP/USD,1.3177,1.31774,100,100
2019-12-11 15:34:51.939,TrueFX,EUR/GBP,0.84177,0.84181,100,100
2019-12-11 15:34:51.679,TrueFX,USD/CHF,0.98607,0.98612,100,100
2019-12-11 15:34:52.342,TrueFX,GBP/JPY,143.211,143.223,100,100
2019-12-11 15:34:53.112,IEX,SPY,314.1,314.14,2200,200
2019-12-11 15:34:52.030,IEX,QQQ,204.52,204.56,100,100
2019-12-11 15:34:53.091,TrueFX,EUR/GBP,0.84175,0.8418,100,100
2019-12-11 15:34:53.422,TrueFX,USD/CHF,0.98609,0.98612,100,100
2019-12-11 15:34:53.198,TrueFX,EUR/CHF,1.09379,1.09384,100,100
2019-12-11 15:34:53.932,TrueFX,AUD/USD,0.68506,0.68509,100,100
2019-12-11 15:34:54.867,IEX,SPY,314.12,314.14,100,400
2019-12-11 15:34:54.858,IEX,QQQ,204.52,204.55,100,100
2019-12-11 15:34:55.464,TrueFX,EUR/USD,1.10925,1.10929,100,100
2019-12-11 15:34:55.769,TrueFX,USD/JPY,108.679,108.681,100,100
2019-12-11 15:34:55.463,TrueFX,GBP/USD,1.31776,1.31781,100,100
2019-12-11 15:34:55.470,TrueFX,EUR/GBP,0.84174,0.8418,100,100
2019-12-11 15:34:55.434,TrueFX,USD/CHF,0.98599,0.98605,100,100
2019-12-11 15:34:55.769,TrueFX,EUR/JPY,120.552,120.558,100,100
2019-12-11 15:34:55.451,TrueFX,EUR/CHF,1.09375,1.09381,100,100
2019-12-11 15:34:55.882,TrueFX,USD/CAD,1.32201,1.32207,100,100
2019-12-11 15:34:55.586,TrueFX,AUD/USD,0.68508,0.68514,100,100
2019-12-11 15:34:55.452,TrueFX,GBP/JPY,143.212,143.223,100,100
2019-12-11 15:34:56.269,IEX,SPY,314.1,314.14,2200,200
2019-12-11 15:34:55.171,IEX,QQQ,204.52,204.55,100,200
2019-12-11 15:34:56.709,TrueFX,EUR/USD,1.10925,1.10927,100,100
2019-12-11 15:34:56.973,TrueFX,GBP/USD,1.31772,1.31778,100,100
2019-12-11 15:34:57.486,TrueFX,EUR/GBP,0.84177,0.8418,100,100
2019-12-11 15:34:56.977,TrueFX,USD/CHF,0.98607,0.98612,100,100
2019-12-11 15:34:56.964,TrueFX,EUR/JPY,120.552,120.558,100,100
2019-12-11 15:34:57.162,TrueFX,EUR/CHF,1.09379,1.09385,100,100
2019-12-11 15:34:56.447,TrueFX,USD/CAD,1.322,1.32207,100,100
2019-12-11 15:34:56.081,TrueFX,AUD/USD,0.6851,0.68514,100,100
2019-12-11 15:34:57.075,TrueFX,GBP/JPY,143.207,143.218,100,100
2019-12-11 15:34:58.047,IEX,SPY,314.1,314.12,200,100
2019-12-11 15:34:58.025,IEX,QQQ,204.5,204.54,400,100
2019-12-11 15:34:58.820,TrueFX,EUR/USD,1.10922,1.10926,100,100
2019-12-11 15:34:58.213,TrueFX,USD/JPY,108.68,108.684,100,100
2019-12-11 15:34:58.033,TrueFX,GBP/USD,1.3177,1.31778,100,100
2019-12-11 15:34:58.452,TrueFX,EUR/JPY,120.552,120.559,100,100
2019-12-11 15:34:58.030,TrueFX,EUR/CHF,1.09379,1.09384,100,100
2019-12-11 15:34:58.105,TrueFX,AUD/USD,0.68505,0.68509,100,100
2019-12-11 15:34:58.498,TrueFX,GBP/JPY,143.211,143.222,100,100
2019-12-11 15:34:59.642,IEX,SPY,314.11,314.12,500,200
2019-12-11 15:34:58.124,IEX,QQQ,204.52,204.54,100,100
2019-12-11 15:34:59.417,TrueFX,EUR/USD,1.10921,1.10923,100,100
2019-12-11 15:34:59.934,TrueFX,USD/JPY,108.682,108.686,100,100
2019-12-11 15:34:59.405,TrueFX,GBP/USD,1.3177,1.31775,100,100
2019-12-11 15:34:59.354,TrueFX,EUR/GBP,0.84175,0.8418,100,100
2019-12-11 15:34:59.393,TrueFX,EUR/JPY,120.552,120.558,100,100
2019-12-11 15:34:59.367,TrueFX,GBP/JPY,143.211,143.223,100,100
2019-12-11 15:35:01.288,IEX,SPY,314.1,314.12,2200,200
2019-12-11 15:35:01.288,IEX,QQQ,204.5,204.54,100,100
2019-12-11 15:35:03.864,TrueFX,USD/JPY,108.679,108.681,100,100
2019-12-11 15:35:03.460,TrueFX,GBP/USD,1.3177,1.31777,100,100
2019-12-11 15:35:03.849,TrueFX,EUR/GBP,0.84174,0.8418,100,100
2019-12-11 15:35:03.369,TrueFX,EUR/JPY,120.549,120.553,100,100
2019-12-11 15:35:02.207,TrueFX,EUR/CHF,1.09377,1.09383,100,100
2019-12-11 15:35:02.335,TrueFX,USD/CAD,1.32204,1.32209,100,100
2019-12-11 15:35:04.144,TrueFX,AUD/USD,0.68501,0.68507,100,100
2019-12-11 15:35:03.849,TrueFX,GBP/JPY,143.207,143.218,100,100
2019-12-11 15:35:04.801,IEX,SPY,314.1,314.12,100,200
2019-12-11 15:35:03.938,IEX,QQQ,204.5,204.53,100,100
2019-12-11 15:35:05.980,TrueFX,EUR/CHF,1.09377,1.09381,100,100
2019-12-11 15:35:05.109,TrueFX,GBP/JPY,143.206,143.218,100,100
2019-12-11 15:35:06.598,IEX,SPY,314.08,314.12,2200,200
2019-12-11 15:35:05.123,IEX,QQQ,204.5,204.54,100,100
2019-12-11 15:35:06.840,TrueFX,EUR/USD,1.10921,1.10923,100,100
2019-12-11 15:35:06.723,TrueFX,EUR/JPY,120.549,120.555,100,100
2019-12-11 15:35:06.510,TrueFX,EUR/CHF,1.09376,1.09381,100,100
2019-12-11 15:35:07.162,TrueFX,USD/CAD,1.32203,1.32208,100,100
2019-12-11 15:35:06.937,TrueFX,GBP/JPY,143.207,143.218,100,100
2019-12-11 15:35:08.049,IEX,SPY,314.08,314.12,2200,200
2019-12-11 15:35:08.140,IEX,QQQ,204.5,204.54,100,100
2019-12-11 15:35:08.624,TrueFX,EUR/USD,1.10915,1.10919,100,100
2019-12-11 15:35:09.642,TrueFX,USD/JPY,108.682,108.684,100,100
2019-12-11 15:35:08.619,TrueFX,GBP/USD,1.3177,1.31775,100,100
2019-12-11 15:35:08.646,TrueFX,EUR/GBP,0.8417,0.84176,100,100
2019-12-11 15:35:09.637,TrueFX,EUR/JPY,120.546,120.553,100,100
2019-12-11 15:35:09.236,TrueFX,EUR/CHF,1.09375,1.09378,100,100
2019-12-11 15:35:08.934,TrueFX,USD/CAD,1.32201,1.32208,100,100
2019-12-11 15:35:08.583,TrueFX,AUD/USD,0.68501,0.68506,100,100
2019-12-11 15:35:09.446,TrueFX,GBP/JPY,143.211,143.222,100,100
2019-12-11 15:35:10.138,IEX,SPY,314.08,314.12,2200,200
2019-12-11 15:35:09.825,IEX,QQQ,204.5,204.54,100,100
2019-12-11 15:35:10.350,TrueFX,USD/JPY,108.682,108.686,100,100
2019-12-11 15:35:10.409,TrueFX,GBP/USD,1.31769,1.31775,100,100
2019-12-11 15:35:10.543,TrueFX,USD/CAD,1.32201,1.32207,100,100
2019-12-11 15:35:11.619,IEX,SPY,314.1,314.14,2200,200
2019-12-11 15:35:11.668,IEX,QQQ,204.52,204.56,100,100
2019-12-11 15:35:11.890,TrueFX,USD/CHF,0.98609,0.98613,100,100
2019-12-11 15:35:12.007,TrueFX,EUR/CHF,1.09375,1.0938,100,100
2019-12-11 15:35:12.480,IEX,SPY,314.1,314.13,2200,100
2019-12-11 15:35:13.281,IEX,QQQ,204.52,204.55,100,100
2019-12-11 15:35:13.528,TrueFX,USD/JPY,108.685,108.687,100,100
2019-12-11 15:35:13.494,TrueFX,EUR/JPY,120.548,120.553,100,100
2019-12-11 15:35:14.010,TrueFX,EUR/CHF,1.09375,1.09381,100,100
2019-12-11 15:35:13.486,TrueFX,GBP/JPY,143.211,143.224,100,100
2019-12-11 15:35:14.741,IEX,SPY,314.1,314.13,2200,100
2019-12-11 15:35:14.753,IEX,QQQ,204.52,204.56,100,100
2019-12-11 15:35:14.790,TrueFX,USD/JPY,108.683,108.687,100,100
2019-12-11 15:35:16.469,IEX,SPY,314.1,314.13,2200,100
2019-12-11 15:35:16.479,IEX,QQQ,204.52,204.56,100,100
2019-12-11 15:35:17.150,TrueFX,EUR/USD,1.10914,1.10916,100,100
2019-12-11 15:35:17.277,TrueFX,USD/JPY,108.686,108.69,100,100
2019-12-11 15:35:17.253,TrueFX,GBP/USD,1.31769,1.31775,100,100
2019-12-11 15:35:17.310,TrueFX,USD/CHF,0.98616,0.98622,100,100
2019-12-11 15:35:17.070,TrueFX,EUR/JPY,120.549,120.555,100,100
2019-12-11 15:35:17.172,TrueFX,EUR/CHF,1.09379,1.09384,100,100
2019-12-11 15:35:16.174,TrueFX,USD/CAD,1.322,1.32207,100,100
2019-12-11 15:35:17.269,TrueFX,GBP/JPY,143.217,143.228,100,100
2019-12-11 15:35:17.685,IEX,SPY,314.1,314.13,2200,100
2019-12-11 15:35:17.895,IEX,QQQ,204.52,204.56,100,100
2019-12-11 15:35:18.566,TrueFX,USD/JPY,108.688,108.69,100,100
2019-12-11 15:35:18.763,TrueFX,USD/CHF,0.98614,0.98622,100,100
2019-12-11 15:35:18.736,TrueFX,GBP/JPY,143.218,143.229,100,100
2019-12-11 15:35:19.446,IEX,SPY,314.1,314.13,2200,200
2019-12-11 15:35:18.882,IEX,QQQ,204.53,204.56,100,100
2019-12-11 15:35:19.583,TrueFX,USD/JPY,108.688,108.69,100,100
2019-12-11 15:35:20.846,TrueFX,USD/CHF,0.98616,0.98622,100,100
2019-12-11 15:35:20.433,TrueFX,EUR/JPY,120.549,120.556,100,100
2019-12-11 15:35:19.641,TrueFX,GBP/JPY,143.217,143.229,100,100
2019-12-11 15:35:21.354,IEX,SPY,314.1,314.12,100,200
2019-12-11 15:35:21.249,IEX,QQQ,204.52,204.54,100,100
2019-12-11 15:35:22.369,TrueFX,EUR/USD,1.10909,1.10913,100,100
2019-12-11 15:35:22.357,TrueFX,GBP/USD,1.31762,1.3177,100,100
2019-12-11 15:35:22.325,TrueFX,EUR/GBP,0.84172,0.84178,100,100
2019-12-11 15:35:22.266,TrueFX,USD/CHF,0.98616,0.98622,100,100
2019-12-11 15:35:22.431,TrueFX,EUR/JPY,120.546,120.552,100,100
2019-12-11 15:35:22.481,TrueFX,EUR/CHF,1.09377,1.09381,100,100
2019-12-11 15:35:22.408,TrueFX,GBP/JPY,143.211,143.222,100,100
2019-12-11 15:35:22.878,IEX,SPY,314.08,314.12,2200,200
2019-12-11 15:35:22.724,TrueFX,EUR/USD,1.10908,1.10913,100,100
2019-12-11 15:35:22.649,TrueFX,GBP/USD,1.31762,1.31767,100,100
2019-12-11 15:35:24.016,TrueFX,EUR/JPY,120.546,120.55,100,100
2019-12-11 15:35:22.936,TrueFX,USD/CAD,1.32206,1.32211,100,100
2019-12-11 15:35:24.676,IEX,SPY,314.06,314.1,200,200
2019-12-11 15:35:24.530,IEX,QQQ,204.5,204.52,100,100
2019-12-11 15:35:24.450,TrueFX,EUR/USD,1.10909,1.10913,100,100
2019-12-11 15:35:24.464,TrueFX,USD/JPY,108.683,108.687,100,100
2019-12-11 15:35:24.594,TrueFX,USD/CHF,0.98616,0.98622,100,100
2019-12-11 15:35:24.513,TrueFX,EUR/JPY,120.542,120.547,100,100
2019-12-11 15:35:24.513,TrueFX,EUR/CHF,1.09376,1.09381,100,100
2019-12-11 15:35:25.276,TrueFX,USD/CAD,1.32207,1.32215,100,100
2019-12-11 15:35:24.915,TrueFX,AUD/USD,0.68501,0.68504,100,100
2019-12-11 15:35:24.464,TrueFX,GBP/JPY,143.205,143.216,100,100
2019-12-11 15:35:26.340,IEX,SPY,314.06,314.1,200,200
2019-12-11 15:35:26.219,IEX,QQQ,204.5,204.52,100,100
2019-12-11 15:35:28.020,IEX,SPY,314.06,314.08,300,200
2019-12-11 15:35:28.007,IEX,QQQ,204.5,204.52,100,100
2019-12-11 15:35:29.633,IEX,SPY,314.04,314.07,200,100
2019-12-11 15:35:29.581,IEX,QQQ,204.48,204.52,100,100
2019-12-11 15:35:30.798,TrueFX,GBP/USD,1.31769,1.31773,100,100
2019-12-11 15:35:29.747,TrueFX,EUR/GBP,0.84169,0.84175,100,100
2019-12-11 15:35:30.376,TrueFX,USD/CHF,0.98611,0.98617,100,100
2019-12-11 15:35:30.361,TrueFX,EUR/CHF,1.09373,1.09378,100,100
2019-12-11 15:35:30.798,TrueFX,GBP/JPY,143.212,143.223,100,100
2019-12-11 15:35:31.093,IEX,SPY,314.04,314.06,1000,200
2019-12-11 15:35:31.086,IEX,QQQ,204.48,204.5,100,100
